Дата i час операції	Деталі операції	MCC	Сума в валюті картки (UAH)	Сума в валюті операції	Валюта	Курс	Сума комісій (UAH)	Сума кешбеку (UAH)	Залишок після операції
18.06.2025 17:00:00	Rozetka	5399	-6200.00	-6200.00	UAH	—	—	—	81670.50
16.06.2025 08:30:00	Видача готівки АТБ	5411	-1500.00	-1500.00	UAH	—	30.00	—	87870.50
14.06.2025 12:00:00	Apple	5818	-463.90	-9.99	USD	46.44	—	—	89370.50
11.06.2025 09:00:00	Сільпо	5411	-505.40	-505.40	UAH	—	—	—	89834.40
10.06.2025 18:05:00	Олена П.	4829	-1300.00	-1300.00	UAH	—	44.20	—	90339.80
10.06.2025 18:00:00	Кредит До завтра на 7 днів	4829	2000.00	2000.00	UAH	—	—	—	91639.80
09.06.2025 22:00:00	Rozetka	5399	-350.00	-350.00	UAH	—	—	—	89639.80
09.06.2025 21:30:00	Glovo	5814	-510.00	-510.00	UAH	—	—	—	89989.80
08.06.2025 08:50:00	Aroma Kava	5814	-84.00	-84.00	UAH	—	—	—	90499.80
07.06.2025 13:00:00	Аптека Доброго Дня	5912	-640.00	-640.00	UAH	—	—	—	90583.80
07.06.2025 08:45:00	Aroma Kava	5814	-89.00	-89.00	UAH	—	—	—	91223.80
06.06.2025 20:05:00	Київстар +380671234567	4814	-350.00	-350.00	UAH	—	—	—	91312.80
05.06.2025 08:46:00	Aroma Kava	5814	-87.00	-87.00	UAH	—	—	—	91662.80
04.06.2025 21:00:00	Netflix	5815	-219.00	-219.00	UAH	—	—	—	91749.80
04.06.2025 08:52:00	Aroma Kava	5814	-83.00	-83.00	UAH	—	—	—	91968.80
03.06.2025 19:00:00	WOG	5541	-950.00	-950.00	UAH	—	—	—	92051.80
03.06.2025 08:41:00	Aroma Kava	5814	-84.00	-84.00	UAH	—	—	—	93001.80
02.06.2025 18:00:00	Сільпо	5411	-540.00	-540.00	UAH	—	—	—	93085.80
02.06.2025 08:44:00	Aroma Kava	5814	-85.00	-85.00	UAH	—	—	—	93625.80
01.06.2025 09:05:00	Від: ТОВ Ромашка Пей	—	32500.00	32500.00	UAH	—	—	—	93710.80
29.05.2025 08:00:00	Скасування. Rozetka	5399	299.00	299.00	UAH	—	—	—	61210.80
27.05.2025 10:00:00	Сільпо	5411	-615.60	-615.60	UAH	—	—	—	60911.80
25.05.2025 19:00:00	Spotify	5735	-159.00	-159.00	UAH	—	—	—	61527.40
22.05.2025 14:00:00	Аптека Доброго Дня	5912	-60.00	-60.00	UAH	—	—	—	61686.40
20.05.2025 09:00:00	Спортзал MEGAGYM	7997	-899.00	-899.00	UAH	—	—	—	61746.40
18.05.2025 17:15:00	Поповнення «Відпустка»	4829	-1500.00	-1500.00	UAH	—	51.00	—	62645.40
16.05.2025 08:30:00	Видача готівки АТБ	5411	-1200.00	-1200.00	UAH	—	24.00	—	64145.40
14.05.2025 12:00:00	Apple	5818	-458.20	-9.99	USD	45.87	—	—	65345.40
12.05.2025 21:00:00	Аврора	5310	-129.00	-129.00	UAH	—	—	—	65803.60
11.05.2025 09:00:00	Сільпо	5411	-470.30	-470.30	UAH	—	—	—	65932.60
10.05.2025 18:05:00	Олена П.	4829	-1200.00	-1200.00	UAH	—	40.80	—	66402.90
10.05.2025 18:00:00	Кредит До завтра на 10 днів	4829	2500.00	2500.00	UAH	—	—	—	67602.90
09.05.2025 22:50:00	Rozetka	5399	-299.00	-299.00	UAH	—	—	—	65102.90
09.05.2025 22:15:00	Glovo	5814	-420.00	-420.00	UAH	—	—	—	65401.90
08.05.2025 08:50:00	Aroma Kava	5814	-82.00	-82.00	UAH	—	—	—	65821.90
07.05.2025 13:00:00	Аптека Доброго Дня	5912	-180.00	-180.00	UAH	—	—	—	65903.90
07.05.2025 08:45:00	Aroma Kava	5814	-88.00	-88.00	UAH	—	—	—	66083.90
06.05.2025 20:05:00	Київстар +380671234567	4814	-350.00	-350.00	UAH	—	—	—	66171.90
06.05.2025 08:49:00	Aroma Kava	5814	-79.00	-79.00	UAH	—	—	—	66521.90
05.05.2025 20:20:00	Uklon	4121	-160.00	-160.00	UAH	—	—	—	66600.90
05.05.2025 08:46:00	Aroma Kava	5814	-86.00	-86.00	UAH	—	—	—	66760.90
04.05.2025 21:05:00	Netflix	5815	-219.00	-219.00	UAH	—	—	—	66846.90
04.05.2025 08:52:00	Aroma Kava	5814	-81.00	-81.00	UAH	—	—	—	67065.90
03.05.2025 19:10:00	WOG	5541	-900.00	-900.00	UAH	—	—	—	67146.90
03.05.2025 08:41:00	Aroma Kava	5814	-84.00	-84.00	UAH	—	—	—	68046.90
02.05.2025 18:00:00	Сільпо	5411	-588.90	-588.90	UAH	—	—	—	68130.90
02.05.2025 08:44:00	Aroma Kava	5814	-80.00	-80.00	UAH	—	—	—	68719.80
01.05.2025 09:05:00	Від: ТОВ Ромашка Пей	—	32500.00	32500.00	UAH	—	—	—	68799.80
30.04.2025 09:15:00	Дія | Штрафи	9222	-510.00	-510.00	UAH	—	—	—	36299.80
28.04.2025 10:00:00	Сільпо	5411	-601.20	-601.20	UAH	—	—	—	36809.80
25.04.2025 19:00:00	Spotify	5735	-159.00	-159.00	UAH	—	—	—	37411.00
22.04.2025 14:10:00	Аптека Доброго Дня	5912	-95.00	-95.00	UAH	—	—	—	37570.00
20.04.2025 09:00:00	Спортзал MEGAGYM	7997	-899.00	-899.00	UAH	—	—	—	37665.00
18.04.2025 17:20:00	Поповнення «Відпустка»	4829	-1500.00	-1500.00	UAH	—	51.00	—	38564.00
15.04.2025 08:30:00	Видача готівки АТБ	5411	-1000.00	-1000.00	UAH	—	20.00	—	40064.00
13.04.2025 22:40:00	Rozetka	5399	-389.00	-389.00	UAH	—	—	—	41064.00
13.04.2025 22:10:00	McDonald’s	5814	-215.00	-215.00	UAH	—	—	—	41453.00
12.04.2025 21:45:00	Аврора	5310	-119.00	-119.00	UAH	—	—	—	41668.00
11.04.2025 09:10:00	Сільпо	5411	-455.10	-455.10	UAH	—	—	—	41787.00
10.04.2025 18:05:00	Олена П.	4829	-1200.00	-1200.00	UAH	—	40.80	—	42242.10
10.04.2025 18:00:00	Кредит До завтра на 14 днів	4829	3000.00	3000.00	UAH	—	—	—	43442.10
09.04.2025 08:48:00	Aroma Kava	5814	-83.00	-83.00	UAH	—	—	—	40442.10
08.04.2025 19:00:00	Uklon	4121	-145.00	-145.00	UAH	—	—	—	40525.10
08.04.2025 08:51:00	Aroma Kava	5814	-77.00	-77.00	UAH	—	—	—	40670.10
07.04.2025 12:30:00	Аптека Доброго Дня	5912	-240.50	-240.50	UAH	—	—	—	40747.10
07.04.2025 08:44:00	Aroma Kava	5814	-85.00	-85.00	UAH	—	—	—	40987.60
06.04.2025 20:05:00	Київстар +380671234567	4814	-350.00	-350.00	UAH	—	—	—	41072.60
06.04.2025 08:53:00	Aroma Kava	5814	-79.00	-79.00	UAH	—	—	—	41422.60
05.04.2025 13:20:00	Rozetka	5399	-3499.00	-3499.00	UAH	—	—	—	41501.60
05.04.2025 08:47:00	Aroma Kava	5814	-80.00	-80.00	UAH	—	—	—	45000.60
04.04.2025 21:10:00	Netflix	5815	-219.00	-219.00	UAH	—	—	—	45080.60
04.04.2025 08:50:00	Aroma Kava	5814	-82.00	-82.00	UAH	—	—	—	45299.60
03.04.2025 19:30:00	WOG	5541	-850.00	-850.00	UAH	—	—	—	45381.60
03.04.2025 08:55:00	Aroma Kava	5814	-78.00	-78.00	UAH	—	—	—	46231.60
02.04.2025 18:12:00	Aroma Kava	5814	-78.00	-78.00	UAH	—	—	—	46309.60
02.04.2025 08:41:00	Сільпо	5411	-612.40	-612.40	UAH	—	—	—	46387.60
01.04.2025 09:05:00	Від: ТОВ Ромашка Пей	—	32000.00	32000.00	UAH	—	—	—	47000.00
